﻿Designator,Footprint,Quantity,Value,LCSC Part #
C1,0805,1,4.7uF,
"C10, C11, C12, C20, C22, C24",0805,6,1uF,
"C13, C15, C16, C18, C19, C2, C21, C23, C28, C3, C30, C31, C4, C7",0805,14,100nF,
"C14, C27",0805,2,10uF,
"C17, C25",0805,2,2.2uF,
"C26, C29",0805,2,2.2nF,
"C32, C33",0805,2,470nF,
"C5, C6, C8",CP_Elec_5x4.5,3,10uF,
C9,CP_Elec_5x4.5,1,100uF,
"D1, D2, D3",D_SOD-323_HandSoldering,3,1N5819WS,
D4,0805,1,LED,
J1,PinHeader_2x03_P2.54mm_Vertical,1,jtag,
J2,2x RCA,1,Conn_Coaxial_x2,
J3,USB_C_Receptacle_G-Switch_GT-USB-7010ASV,1,USB_C_Receptacle_USB2.0_16P,
J4,PinSocket_1x04_P2.54mm_Vertical,1,Conn_01x04_Socket,
J5,PinSocket_1x05_P2.54mm_Vertical,1,Conn_01x05_Socket,
J6,PinHeader_1x04_P2.54mm_Horizontal,1,Conn_01x04_Pin,
J7,PinHeader_1x05_P2.54mm_Horizontal,1,Conn_01x05_Pin,
J8,USB_Micro-B_Molex-105017-0001,1,USB_B_Micro,
LED1,0805,1,AMP,
LED2,0805,1,POWER,
OLED1,OLED_128_32,1,~,
"R1, R15, R2, R3, R4, R5, R6",0805,7,470,
"R10, R12, R13, R14",0805,4,10K,
"R11, R9",0805,2,5.1k,
"R7, R8",1206,2,470,
"SW1, SW2",SW_SPST_Omron_B3FS-100xP,2,SW_Omron_B3FS,
SW3,RotaryEncoder_Alps_EC11E-Switch_Vertical_H20mm,1,RotaryEncoder_Switch,
U1,ESP32-WROVER-E,1,ESP32-WROVER-E,
"U2, U3, U5",SOT-23-5,3,LP5907MFX-3.3,
U4,TSSOP-20_4.4x6.5mm_P0.65mm,1,PCM5100,
U6,SOT-223-3_TabPin2,1,TLV1117-33,
U8,SOP-8_3.9x4.9mm_P1.27mm,1,CH340N,
